{
    "confidence_score": 0.8378787040710449,
    "ptm": 0.9660593271255493,
    "iptm": 0.9573987126350403,
    "ligand_iptm": 0.0,
    "protein_iptm": 0.9573987126350403,
    "complex_plddt": 0.8079987168312073,
    "complex_iplddt": 0.7396371960639954,
    "complex_pde": 0.3137567937374115,
    "complex_ipde": 0.5069867968559265,
    "chains_ptm": {
        "0": 0.9761669039726257,
        "1": 0.9590944647789001
    },
    "pair_chains_iptm": {
        "0": {
            "0": 0.9761669039726257,
            "1": 0.9399415850639343
        },
        "1": {
            "0": 0.9573987126350403,
            "1": 0.9590944647789001
        }
    }
}